{"nm":"Loading Animation 3 Dots","ddd":0,"h":2000,"w":2000,"meta":{"g":"@lottiefiles/toolkit-js 0.33.2"},"layers":[{"ty":3,"nm":"Extra Rotation","sr":1,"st":0,"op":540,"ip":0,"hd":false,"ddd":0,"bm":0,"hasMask":false,"ao":0,"ks":{"a":{"a":0,"k":[0,0,0],"ix":1},"s":{"a":0,"k":[100,100,100],"ix":6},"sk":{"a":0,"k":0},"p":{"a":0,"k":[1000,1000,0],"ix":2},"r":{"a":1,"k":[{"o":{"x":0.167,"y":0.167},"i":{"x":0.833,"y":0.833},"s":[0],"t":0},{"s":[-184],"t":539}],"ix":10},"sa":{"a":0,"k":0},"o":{"a":0,"k":0,"ix":11}},"ef":[],"ind":1},{"ty":3,"nm":"Rotation","sr":1,"st":0,"op":540,"ip":0,"hd":false,"ddd":0,"bm":0,"hasMask":false,"ao":0,"ks":{"a":{"a":0,"k":[50,50,0],"ix":1},"s":{"a":0,"k":[185.185,185.185,100],"ix":6},"sk":{"a":0,"k":0},"p":{"a":0,"k":[0,0,0],"ix":2},"r":{"a":1,"k":[{"o":{"x":0.38,"y":0.174},"i":{"x":0.771,"y":0.391},"s":[0],"t":0},{"o":{"x":0.231,"y":0.515},"i":{"x":0.385,"y":0.804},"s":[89.439],"t":22.857},{"o":{"x":0.165,"y":0.225},"i":{"x":0.833,"y":0.833},"s":[220.722],"t":51.02},{"s":[360],"t":179}],"ix":10,"x":"var $bm_rt;\n$bm_rt = loopOut('cycle');"},"sa":{"a":0,"k":0},"o":{"a":0,"k":0,"ix":11}},"ef":[],"ind":2,"parent":1},{"ty":0,"nm":"Dots","sr":1,"st":0,"op":540,"ip":0,"hd":false,"ddd":0,"bm":0,"hasMask":false,"ao":0,"ks":{"a":{"a":0,"k":[1000,1000,0],"ix":1},"s":{"a":0,"k":[60,60,100],"ix":6},"sk":{"a":0,"k":0},"p":{"a":0,"k":[50,50,0],"ix":2},"r":{"a":0,"k":0,"ix":10},"sa":{"a":0,"k":0},"o":{"a":0,"k":100,"ix":11}},"ef":[],"w":2000,"h":2000,"refId":"comp_0","ind":3,"parent":2}],"v":"5.7.4","fr":60,"op":540,"ip":0,"assets":[{"nm":"","id":"comp_0","layers":[{"ty":0,"nm":"Dot","sr":1,"st":360,"op":540,"ip":360,"hd":false,"ddd":0,"bm":1,"hasMask":false,"ao":0,"ks":{"a":{"a":0,"k":[1000,1000,0],"ix":1},"s":{"a":0,"k":[100,100,100],"ix":6},"sk":{"a":0,"k":0},"p":{"a":0,"k":[1000,1000,0],"ix":2},"r":{"a":0,"k":240,"ix":10},"sa":{"a":0,"k":0},"o":{"a":0,"k":100,"ix":11}},"ef":[],"w":2000,"h":2000,"refId":"comp_1","tm":{"a":1,"k":[{"o":{"x":0.167,"y":0.167},"i":{"x":0.833,"y":0.833},"s":[0],"t":360},{"s":[3],"t":540}],"ix":2},"ind":1},{"ty":0,"nm":"Dot C","sr":1,"st":360,"op":540,"ip":360,"hd":false,"ddd":0,"bm":1,"hasMask":false,"ao":0,"ks":{"a":{"a":0,"k":[1000,1000,0],"ix":1},"s":{"a":0,"k":[100,100,100],"ix":6},"sk":{"a":0,"k":0},"p":{"a":0,"k":[1000,1000,0],"ix":2},"r":{"a":0,"k":0,"ix":10},"sa":{"a":0,"k":0},"o":{"a":0,"k":100,"ix":11}},"ef":[],"w":2000,"h":2000,"refId":"comp_2","tm":{"a":1,"k":[{"o":{"x":0.167,"y":0.167},"i":{"x":0.833,"y":0.833},"s":[0],"t":360},{"s":[3],"t":540}],"ix":2},"ind":2},{"ty":0,"nm":"Dot B","sr":1,"st":360,"op":540,"ip":360,"hd":false,"ddd":0,"bm":1,"hasMask":false,"ao":0,"ks":{"a":{"a":0,"k":[1000,1000,0],"ix":1},"s":{"a":0,"k":[100,100,100],"ix":6},"sk":{"a":0,"k":0},"p":{"a":0,"k":[1000,1000,0],"ix":2},"r":{"a":0,"k":120,"ix":10},"sa":{"a":0,"k":0},"o":{"a":0,"k":100,"ix":11}},"ef":[],"w":2000,"h":2000,"refId":"comp_3","tm":{"a":1,"k":[{"o":{"x":0.167,"y":0.167},"i":{"x":0.833,"y":0.833},"s":[0],"t":360},{"s":[3],"t":540}],"ix":2},"ind":3},{"ty":0,"nm":"Dot B","sr":1,"st":180,"op":360,"ip":180,"hd":false,"ddd":0,"bm":1,"hasMask":false,"ao":0,"ks":{"a":{"a":0,"k":[1000,1000,0],"ix":1},"s":{"a":0,"k":[100,100,100],"ix":6},"sk":{"a":0,"k":0},"p":{"a":0,"k":[1000,1000,0],"ix":2},"r":{"a":0,"k":300,"ix":10},"sa":{"a":0,"k":0},"o":{"a":0,"k":100,"ix":11}},"ef":[],"w":2000,"h":2000,"refId":"comp_3","tm":{"a":1,"k":[{"o":{"x":0.167,"y":0.167},"i":{"x":0.833,"y":0.833},"s":[0],"t":180},{"s":[3],"t":360}],"ix":2},"ind":4},{"ty":0,"nm":"Dot","sr":1,"st":180,"op":360,"ip":180,"hd":false,"ddd":0,"bm":1,"hasMask":false,"ao":0,"ks":{"a":{"a":0,"k":[1000,1000,0],"ix":1},"s":{"a":0,"k":[100,100,100],"ix":6},"sk":{"a":0,"k":0},"p":{"a":0,"k":[1000,1000,0],"ix":2},"r":{"a":0,"k":420,"ix":10},"sa":{"a":0,"k":0},"o":{"a":0,"k":100,"ix":11}},"ef":[],"w":2000,"h":2000,"refId":"comp_1","tm":{"a":1,"k":[{"o":{"x":0.167,"y":0.167},"i":{"x":0.833,"y":0.833},"s":[0],"t":180},{"s":[3],"t":360}],"ix":2},"ind":5},{"ty":0,"nm":"Dot C","sr":1,"st":180,"op":360,"ip":180,"hd":false,"ddd":0,"bm":1,"hasMask":false,"ao":0,"ks":{"a":{"a":0,"k":[1000,1000,0],"ix":1},"s":{"a":0,"k":[100,100,100],"ix":6},"sk":{"a":0,"k":0},"p":{"a":0,"k":[1000,1000,0],"ix":2},"r":{"a":0,"k":180,"ix":10},"sa":{"a":0,"k":0},"o":{"a":0,"k":100,"ix":11}},"ef":[],"w":2000,"h":2000,"refId":"comp_2","tm":{"a":1,"k":[{"o":{"x":0.167,"y":0.167},"i":{"x":0.833,"y":0.833},"s":[0],"t":180},{"s":[3],"t":360}],"ix":2},"ind":6},{"ty":0,"nm":"Dot C","sr":1,"st":0,"op":180,"ip":0,"hd":false,"ddd":0,"bm":1,"hasMask":false,"ao":0,"ks":{"a":{"a":0,"k":[1000,1000,0],"ix":1},"s":{"a":0,"k":[100,100,100],"ix":6},"sk":{"a":0,"k":0},"p":{"a":0,"k":[1000,1000,0],"ix":2},"r":{"a":0,"k":0,"ix":10},"sa":{"a":0,"k":0},"o":{"a":0,"k":100,"ix":11}},"ef":[],"w":2000,"h":2000,"refId":"comp_2","tm":{"a":1,"k":[{"o":{"x":0.167,"y":0.167},"i":{"x":0.833,"y":0.833},"s":[0],"t":0},{"s":[3],"t":180}],"ix":2},"ind":7},{"ty":0,"nm":"Dot B","sr":1,"st":0,"op":180,"ip":0,"hd":false,"ddd":0,"bm":1,"hasMask":false,"ao":0,"ks":{"a":{"a":0,"k":[1000,1000,0],"ix":1},"s":{"a":0,"k":[100,100,100],"ix":6},"sk":{"a":0,"k":0},"p":{"a":0,"k":[1000,1000,0],"ix":2},"r":{"a":0,"k":120,"ix":10},"sa":{"a":0,"k":0},"o":{"a":0,"k":100,"ix":11}},"ef":[],"w":2000,"h":2000,"refId":"comp_3","tm":{"a":1,"k":[{"o":{"x":0.167,"y":0.167},"i":{"x":0.833,"y":0.833},"s":[0],"t":0},{"s":[3],"t":180}],"ix":2},"ind":8},{"ty":0,"nm":"Dot","sr":1,"st":0,"op":180,"ip":0,"hd":false,"ddd":0,"bm":1,"hasMask":false,"ao":0,"ks":{"a":{"a":0,"k":[1000,1000,0],"ix":1},"s":{"a":0,"k":[100,100,100],"ix":6},"sk":{"a":0,"k":0},"p":{"a":0,"k":[1000,1000,0],"ix":2},"r":{"a":0,"k":240,"ix":10},"sa":{"a":0,"k":0},"o":{"a":0,"k":100,"ix":11}},"ef":[],"w":2000,"h":2000,"refId":"comp_1","tm":{"a":1,"k":[{"o":{"x":0.167,"y":0.167},"i":{"x":0.833,"y":0.833},"s":[0],"t":0},{"s":[3],"t":180}],"ix":2},"ind":9}]},{"nm":"","id":"comp_1","layers":[{"ty":4,"nm":"Shape Layer 1","sr":1,"st":0,"op":180,"ip":0,"hd":false,"ddd":0,"bm":0,"hasMask":false,"ao":0,"ks":{"a":{"a":0,"k":[0,0,0],"ix":1},"s":{"a":0,"k":[185.185,185.185,100],"ix":6},"sk":{"a":0,"k":0},"p":{"s":true,"x":{"a":0,"k":1000,"ix":3},"y":{"a":1,"k":[{"o":{"x":0.773,"y":0},"i":{"x":0.724,"y":1.858},"s":[703.704],"t":0},{"o":{"x":0.296,"y":0.216},"i":{"x":0,"y":1},"s":[666.667],"t":13},{"s":[1296.296],"t":65}],"ix":4},"z":{"a":0,"k":0}},"r":{"a":0,"k":0,"ix":10},"sa":{"a":0,"k":0},"o":{"a":0,"k":100,"ix":11}},"ef":[],"shapes":[{"ty":"sh","bm":0,"hd":false,"mn":"ADBE Vector Shape - Group","nm":"Path 1","ix":1,"d":1,"ks":{"a":1,"k":[{"o":{"x":0.628,"y":0},"i":{"x":0.667,"y":1},"s":[{"c":true,"i":[[-43.985,0],[0,-43.985],[0.011,-0.534],[43.449,0],[0.86,43.24],[0,0.539]],"o":[[43.985,0],[0,0.536],[-0.854,43.245],[-43.446,0],[-0.011,-0.537],[0,-43.985]],"v":[[0,-79.642],[79.642,0],[79.626,1.604],[0,79.642],[-79.626,1.614],[-79.642,0]]}],"t":13},{"o":{"x":0.232,"y":0},"i":{"x":0.227,"y":1},"s":[{"c":true,"i":[[-43.985,0],[0,-43.985],[0.01,-0.507],[43.476,0],[0.818,43.277],[0,0.513]],"o":[[43.985,0],[0,0.509],[-0.813,43.281],[-43.473,0],[-0.01,-0.51],[0,-43.985]],"v":[[0,-121.341],[79.642,-41.699],[79.255,26.826],[-0.372,104.943],[-80,26.835],[-79.642,-41.699]]}],"t":25.23},{"s":[{"c":true,"i":[[-43.985,0],[0,-43.985],[0.011,-0.534],[43.449,0],[0.86,43.24],[0,0.539]],"o":[[43.985,0],[0,0.536],[-0.854,43.245],[-43.446,0],[-0.011,-0.537],[0,-43.985]],"v":[[0,-79.642],[79.642,0],[79.626,1.604],[0,79.642],[-79.626,1.614],[-79.642,0]]}],"t":65}],"ix":2}},{"ty":"st","bm":0,"hd":false,"mn":"ADBE Vector Graphic - Stroke","nm":"Stroke 1","lc":1,"lj":1,"ml":4,"o":{"a":0,"k":100,"ix":4},"w":{"a":0,"k":0,"ix":5},"c":{"a":0,"k":[1,1,1],"ix":3}},{"ty":"fl","bm":0,"hd":false,"mn":"ADBE Vector Graphic - Fill","nm":"Fill 1","c":{"a":0,"k":[0.1922,0.251,0.9686],"ix":4},"r":1,"o":{"a":0,"k":100,"ix":5}}],"ind":1}]},{"nm":"","id":"comp_2","layers":[{"ty":4,"nm":"Shape Layer 1","sr":1,"st":0,"op":180,"ip":0,"hd":false,"ddd":0,"bm":0,"hasMask":false,"ao":0,"ks":{"a":{"a":0,"k":[0,0,0],"ix":1},"s":{"a":0,"k":[185.185,185.185,100],"ix":6},"sk":{"a":0,"k":0},"p":{"s":true,"x":{"a":0,"k":1000,"ix":3},"y":{"a":1,"k":[{"o":{"x":0.773,"y":0},"i":{"x":0.724,"y":1.858},"s":[703.704],"t":0},{"o":{"x":0.296,"y":0.216},"i":{"x":0,"y":1},"s":[666.667],"t":13},{"s":[1296.296],"t":65}],"ix":4},"z":{"a":0,"k":0}},"r":{"a":0,"k":0,"ix":10},"sa":{"a":0,"k":0},"o":{"a":0,"k":100,"ix":11}},"ef":[],"shapes":[{"ty":"sh","bm":0,"hd":false,"mn":"ADBE Vector Shape - Group","nm":"Path 1","ix":1,"d":1,"ks":{"a":1,"k":[{"o":{"x":0.628,"y":0},"i":{"x":0.667,"y":1},"s":[{"c":true,"i":[[-43.985,0],[0,-43.985],[0.011,-0.534],[43.449,0],[0.86,43.24],[0,0.539]],"o":[[43.985,0],[0,0.536],[-0.854,43.245],[-43.446,0],[-0.011,-0.537],[0,-43.985]],"v":[[0,-79.642],[79.642,0],[79.626,1.604],[0,79.642],[-79.626,1.614],[-79.642,0]]}],"t":13},{"o":{"x":0.232,"y":0},"i":{"x":0.227,"y":1},"s":[{"c":true,"i":[[-43.985,0],[0,-43.985],[0.01,-0.507],[43.476,0],[0.818,43.277],[0,0.513]],"o":[[43.985,0],[0,0.509],[-0.813,43.281],[-43.473,0],[-0.01,-0.51],[0,-43.985]],"v":[[0,-121.341],[79.642,-41.699],[79.255,26.826],[-0.372,104.943],[-80,26.835],[-79.642,-41.699]]}],"t":25.23},{"s":[{"c":true,"i":[[-43.985,0],[0,-43.985],[0.011,-0.534],[43.449,0],[0.86,43.24],[0,0.539]],"o":[[43.985,0],[0,0.536],[-0.854,43.245],[-43.446,0],[-0.011,-0.537],[0,-43.985]],"v":[[0,-79.642],[79.642,0],[79.626,1.604],[0,79.642],[-79.626,1.614],[-79.642,0]]}],"t":65}],"ix":2}},{"ty":"st","bm":0,"hd":false,"mn":"ADBE Vector Graphic - Stroke","nm":"Stroke 1","lc":1,"lj":1,"ml":4,"o":{"a":0,"k":100,"ix":4},"w":{"a":0,"k":0,"ix":5},"c":{"a":0,"k":[1,1,1],"ix":3}},{"ty":"fl","bm":0,"hd":false,"mn":"ADBE Vector Graphic - Fill","nm":"Fill 1","c":{"a":0,"k":[0.8196,0.6627,0.9843],"ix":4},"r":1,"o":{"a":0,"k":100,"ix":5}}],"ind":1}]},{"nm":"","id":"comp_3","layers":[{"ty":4,"nm":"Shape Layer 1","sr":1,"st":0,"op":180,"ip":0,"hd":false,"ddd":0,"bm":0,"hasMask":false,"ao":0,"ks":{"a":{"a":0,"k":[0,0,0],"ix":1},"s":{"a":0,"k":[185.185,185.185,100],"ix":6},"sk":{"a":0,"k":0},"p":{"s":true,"x":{"a":0,"k":1000,"ix":3},"y":{"a":1,"k":[{"o":{"x":0.773,"y":0},"i":{"x":0.724,"y":1.858},"s":[703.704],"t":0},{"o":{"x":0.296,"y":0.216},"i":{"x":0,"y":1},"s":[666.667],"t":13},{"s":[1296.296],"t":65}],"ix":4},"z":{"a":0,"k":0}},"r":{"a":0,"k":0,"ix":10},"sa":{"a":0,"k":0},"o":{"a":0,"k":100,"ix":11}},"ef":[],"shapes":[{"ty":"sh","bm":0,"hd":false,"mn":"ADBE Vector Shape - Group","nm":"Path 1","ix":1,"d":1,"ks":{"a":1,"k":[{"o":{"x":0.628,"y":0},"i":{"x":0.667,"y":1},"s":[{"c":true,"i":[[-43.985,0],[0,-43.985],[0.011,-0.534],[43.449,0],[0.86,43.24],[0,0.539]],"o":[[43.985,0],[0,0.536],[-0.854,43.245],[-43.446,0],[-0.011,-0.537],[0,-43.985]],"v":[[0,-79.642],[79.642,0],[79.626,1.604],[0,79.642],[-79.626,1.614],[-79.642,0]]}],"t":13},{"o":{"x":0.232,"y":0},"i":{"x":0.227,"y":1},"s":[{"c":true,"i":[[-43.985,0],[0,-43.985],[0.01,-0.507],[43.476,0],[0.818,43.277],[0,0.513]],"o":[[43.985,0],[0,0.509],[-0.813,43.281],[-43.473,0],[-0.01,-0.51],[0,-43.985]],"v":[[0,-121.341],[79.642,-41.699],[79.255,26.826],[-0.372,104.943],[-80,26.835],[-79.642,-41.699]]}],"t":25.23},{"s":[{"c":true,"i":[[-43.985,0],[0,-43.985],[0.011,-0.534],[43.449,0],[0.86,43.24],[0,0.539]],"o":[[43.985,0],[0,0.536],[-0.854,43.245],[-43.446,0],[-0.011,-0.537],[0,-43.985]],"v":[[0,-79.642],[79.642,0],[79.626,1.604],[0,79.642],[-79.626,1.614],[-79.642,0]]}],"t":65}],"ix":2}},{"ty":"st","bm":0,"hd":false,"mn":"ADBE Vector Graphic - Stroke","nm":"Stroke 1","lc":1,"lj":1,"ml":4,"o":{"a":0,"k":100,"ix":4},"w":{"a":0,"k":0,"ix":5},"c":{"a":0,"k":[1,1,1],"ix":3}},{"ty":"fl","bm":0,"hd":false,"mn":"ADBE Vector Graphic - Fill","nm":"Fill 1","c":{"a":0,"k":[0.502,0.4275,0.9843],"ix":4},"r":1,"o":{"a":0,"k":100,"ix":5}}],"ind":1}]}]}