{"nm":"scan_effect_ing","ddd":0,"h":340,"w":340,"meta":{"g":"@lottiefiles/toolkit-js 0.33.2"},"layers":[{"ty":4,"nm":"guide Outlines","sr":1,"st":0,"op":60,"ip":0,"hd":false,"ddd":0,"bm":0,"hasMask":false,"ao":0,"ks":{"a":{"a":0,"k":[112,112,0],"ix":1},"s":{"a":1,"k":[{"o":{"x":0.167,"y":0.167},"i":{"x":0.833,"y":0.833},"s":[100,100.03500000000001,100],"t":0},{"o":{"x":0.167,"y":0.167},"i":{"x":0.833,"y":0.833},"s":[120,120.042,100],"t":30},{"s":[100,100.03500000000001,100],"t":60}],"ix":6},"sk":{"a":0,"k":0},"p":{"a":0,"k":[170,170,0],"ix":2},"r":{"a":0,"k":0,"ix":10},"sa":{"a":0,"k":0},"o":{"a":0,"k":100,"ix":11}},"ef":[],"shapes":[{"ty":"gr","bm":0,"hd":false,"mn":"ADBE Vector Group","nm":"Group 1","ix":1,"cix":2,"np":6,"it":[{"ty":"sh","bm":0,"hd":false,"mn":"ADBE Vector Shape - Group","nm":"Path 1","ix":1,"d":1,"ks":{"a":0,"k":{"c":true,"i":[[0,0],[0,-0.552],[-0.553,0],[0,0],[0,-10.493],[0,0],[-0.552,0],[0,0.552],[0,0],[11.598,0]],"o":[[-0.553,0],[0,0.552],[0,0],[10.493,0],[0,0],[0,0.552],[0.553,0],[0,0],[0,-11.598],[0,0]],"v":[[71,-112],[70,-111],[71,-110],[91,-110],[110,-91],[110,-71],[111,-70],[112,-71],[112,-91],[91,-112]]},"ix":2}},{"ty":"sh","bm":0,"hd":false,"mn":"ADBE Vector Shape - Group","nm":"Path 2","ix":2,"d":1,"ks":{"a":0,"k":{"c":true,"i":[[0,0],[0,-11.598],[0,0],[-0.552,0],[0,0.552],[0,0],[-10.493,0],[0,0],[0,0.552],[0.552,0]],"o":[[-11.598,0],[0,0],[0,0.552],[0.553,0],[0,0],[0,-10.493],[0,0],[0.552,0],[0,-0.552],[0,0]],"v":[[-91,-112],[-112,-91],[-112,-71],[-111,-70],[-110,-71],[-110,-91],[-91,-110],[-71,-110],[-70,-111],[-71,-112]]},"ix":2}},{"ty":"sh","bm":0,"hd":false,"mn":"ADBE Vector Shape - Group","nm":"Path 3","ix":3,"d":1,"ks":{"a":0,"k":{"c":true,"i":[[0,-0.553],[0,0],[10.493,0],[0,0],[0,-0.553],[-0.553,0],[0,0],[0,11.598],[0,0],[0.553,0]],"o":[[0,0],[0,10.493],[0,0],[-0.553,0],[0,0.553],[0,0],[11.598,0],[0,0],[0,-0.553],[-0.552,0]],"v":[[110,71],[110,91],[91,110],[71,110],[70,111],[71,112],[91,112],[112,91],[112,71],[111,70]]},"ix":2}},{"ty":"sh","bm":0,"hd":false,"mn":"ADBE Vector Shape - Group","nm":"Path 4","ix":4,"d":1,"ks":{"a":0,"k":{"c":true,"i":[[0,-0.553],[0,0],[-11.598,0],[0,0],[0,0.553],[0.552,0],[0,0],[0,10.493],[0,0],[0.553,0]],"o":[[0,0],[0,11.598],[0,0],[0.552,0],[0,-0.553],[0,0],[-10.493,0],[0,0],[0,-0.553],[-0.552,0]],"v":[[-112,71],[-112,91],[-91,112],[-71,112],[-70,111],[-71,110],[-91,110],[-110,91],[-110,71],[-111,70]]},"ix":2}},{"ty":"mm","bm":0,"hd":false,"mn":"ADBE Vector Filter - Merge","nm":"Merge Paths 1","mm":1},{"ty":"fl","bm":0,"hd":false,"mn":"ADBE Vector Graphic - Fill","nm":"Fill 1","c":{"a":0,"k":[0,0,0],"ix":4},"r":1,"o":{"a":0,"k":100,"ix":5}},{"ty":"tr","a":{"a":0,"k":[0,0],"ix":1},"s":{"a":0,"k":[100,100],"ix":3},"sk":{"a":0,"k":0,"ix":4},"p":{"a":0,"k":[112,112],"ix":2},"r":{"a":0,"k":0,"ix":6},"sa":{"a":0,"k":0,"ix":5},"o":{"a":0,"k":100,"ix":7}}]}],"ind":1},{"ty":4,"nm":"scanning","sr":1.9,"st":3,"op":60,"ip":0,"hd":false,"ddd":0,"bm":0,"hasMask":false,"ao":0,"ks":{"a":{"a":0,"k":[0,-20,0],"ix":1},"s":{"a":0,"k":[100,100,100],"ix":6},"sk":{"a":0,"k":0},"p":{"a":1,"k":[{"o":{"x":0.167,"y":0.167},"i":{"x":0.833,"y":0.833},"s":[170,20,0],"t":3,"ti":[0,-61.42,0],"to":[0,40.917,0]},{"o":{"x":0.167,"y":0.167},"i":{"x":0.833,"y":0.833},"s":[170,297.64,0],"t":27.701,"ti":[0,0,0],"to":[0,13.384,0]},{"o":{"x":0.167,"y":0.167},"i":{"x":0.833,"y":0.833},"s":[170,319,0],"t":29.6,"ti":[0,49.833,0],"to":[0,0,0]},{"s":[170,20,0],"t":56.2001302105642}],"ix":2},"r":{"a":0,"k":0,"ix":10},"sa":{"a":0,"k":0},"o":{"a":0,"k":100,"ix":11}},"ef":[],"shapes":[{"ty":"gr","bm":0,"hd":false,"mn":"ADBE Vector Group","nm":"Rectangle 1","ix":1,"cix":2,"np":3,"it":[{"ty":"rc","bm":0,"hd":false,"mn":"ADBE Vector Shape - Rect","nm":"Rectangle Path 1","d":1,"p":{"a":0,"k":[0,0],"ix":3},"r":{"a":0,"k":20,"ix":4},"s":{"a":0,"k":[274,4],"ix":2}},{"ty":"fl","bm":0,"hd":false,"mn":"ADBE Vector Graphic - Fill","nm":"Fill 1","c":{"a":0,"k":[0.8196,0.6627,0.9843],"ix":4},"r":1,"o":{"a":0,"k":100,"ix":5}},{"ty":"tr","a":{"a":0,"k":[0,0],"ix":1},"s":{"a":0,"k":[100,100],"ix":3},"sk":{"a":0,"k":0,"ix":4},"p":{"a":0,"k":[0,-18],"ix":2},"r":{"a":0,"k":0,"ix":6},"sa":{"a":0,"k":0,"ix":5},"o":{"a":0,"k":100,"ix":7}}]}],"ind":2},{"ty":4,"nm":"shadow 2","sr":1.9,"st":3,"op":60,"ip":0,"hd":false,"ddd":0,"bm":0,"hasMask":false,"ao":0,"ks":{"a":{"a":0,"k":[4.5,-50.4,0],"ix":1},"s":{"a":0,"k":[100,100,100],"ix":6},"sk":{"a":0,"k":0},"p":{"a":1,"k":[{"o":{"x":0.167,"y":0.167},"i":{"x":0.833,"y":0.833},"s":[0.564,-42,0],"t":3,"ti":[0,0,0],"to":[0,0,0]},{"o":{"x":0.167,"y":0.167},"i":{"x":0.833,"y":0.833},"s":[-1.385,-42,0],"t":8,"ti":[0,0,0],"to":[0,0,0]},{"o":{"x":0.167,"y":0.167},"i":{"x":0.833,"y":0.833},"s":[-0.113,-42,0],"t":8.699,"ti":[0,0,0],"to":[0,0,0]},{"o":{"x":0.167,"y":0.167},"i":{"x":0.833,"y":0.833},"s":[0.564,-42,0],"t":29.6,"ti":[0,0,0],"to":[0,0,0]},{"o":{"x":0.167,"y":0.167},"i":{"x":0.833,"y":0.833},"s":[-1.456,-42,0],"t":39,"ti":[0,0,0],"to":[0,0,0]},{"s":[0.564,-42,0],"t":56.2001302105642}],"ix":2},"r":{"a":0,"k":0,"ix":10},"sa":{"a":0,"k":0},"o":{"a":1,"k":[{"o":{"x":0.167,"y":0.167},"i":{"x":0.833,"y":0.833},"s":[0],"t":3},{"o":{"x":0.167,"y":0.167},"i":{"x":0.833,"y":0.833},"s":[100],"t":6.8},{"o":{"x":0.167,"y":0.167},"i":{"x":0.833,"y":0.833},"s":[100],"t":27.701},{"s":[0],"t":29.6000651052821}],"ix":11}},"ef":[],"shapes":[{"ty":"gr","bm":0,"hd":false,"mn":"ADBE Vector Group","nm":"Rectangle 1","ix":1,"cix":2,"np":3,"it":[{"ty":"rc","bm":0,"hd":false,"mn":"ADBE Vector Shape - Rect","nm":"Rectangle Path 1","d":1,"p":{"a":0,"k":[0,0],"ix":3},"r":{"a":0,"k":0,"ix":4},"s":{"a":0,"k":[240,30],"ix":2}},{"ty":"gf","bm":0,"hd":false,"mn":"ADBE Vector Graphic - G-Fill","nm":"Gradient Fill 1","e":{"a":0,"k":[100.711,-11.546],"ix":6},"g":{"p":3,"k":{"a":0,"k":[0,0.6705882352941176,0.7215686274509804,0.7215686274509804,0.5,0.596078431372549,0.5333333333333333,0.596078431372549,1,1,1,1,0,0.8,0.5,0.4,1,0],"ix":9}},"t":1,"a":{"a":0,"k":0},"h":{"a":0,"k":0},"s":{"a":0,"k":[100.982,35.322],"ix":5},"r":1,"o":{"a":0,"k":100,"ix":10}},{"ty":"tr","a":{"a":0,"k":[0,0],"ix":1},"s":{"a":0,"k":[100,170.989],"ix":3},"sk":{"a":0,"k":0,"ix":4},"p":{"a":0,"k":[5.291,-49.393],"ix":2},"r":{"a":0,"k":0,"ix":6},"sa":{"a":0,"k":0,"ix":5},"o":{"a":0,"k":100,"ix":7}}]}],"ind":3,"parent":2},{"ty":4,"nm":"shadow","sr":1.9,"st":3,"op":60,"ip":0,"hd":false,"ddd":0,"bm":0,"hasMask":false,"ao":0,"ks":{"a":{"a":0,"k":[4.5,-50.4,0],"ix":1},"s":{"a":0,"k":[100,-100,100],"ix":6},"sk":{"a":0,"k":0},"p":{"a":1,"k":[{"o":{"x":0.167,"y":0.167},"i":{"x":0.833,"y":0.833},"s":[0.564,-42.452,0],"t":8,"ti":[0,-0.833,0],"to":[0.113,0,0]},{"o":{"x":0.167,"y":0.167},"i":{"x":0.833,"y":0.833},"s":[1.242,-42.452,0],"t":8.699,"ti":[0.113,-0.075,0],"to":[0,0.833,0]},{"o":{"x":0.167,"y":0.167},"i":{"x":0.833,"y":0.833},"s":[0.564,-37.452,0],"t":33.4,"ti":[-0.015,0.191,0],"to":[-0.057,0.038,0]},{"o":{"x":0.167,"y":0.167},"i":{"x":0.833,"y":0.833},"s":[0.104,-37.463,0],"t":39,"ti":[-0.009,0.501,0],"to":[0.009,-0.11,0]},{"o":{"x":0.167,"y":0.167},"i":{"x":0.833,"y":0.833},"s":[0.554,-38.235,0],"t":52.4,"ti":[-0.002,0.857,0],"to":[0.003,-0.166,0]},{"o":{"x":0.167,"y":0.167},"i":{"x":0.833,"y":0.833},"s":[0.561,-38.118,0],"t":54.301,"ti":[0,0.077,0],"to":[0.002,-0.904,0]},{"s":[0.564,-42,0],"t":56.2001302105642}],"ix":2},"r":{"a":0,"k":0,"ix":10},"sa":{"a":0,"k":0},"o":{"a":1,"k":[{"o":{"x":0.167,"y":0.167},"i":{"x":0.833,"y":0.833},"s":[0],"t":27.701},{"o":{"x":0.167,"y":0.167},"i":{"x":0.833,"y":0.833},"s":[100],"t":33.4},{"o":{"x":0.167,"y":0.167},"i":{"x":0.833,"y":0.833},"s":[100],"t":54.301},{"s":[0],"t":56.2001302105642}],"ix":11}},"ef":[],"shapes":[{"ty":"gr","bm":0,"hd":false,"mn":"ADBE Vector Group","nm":"Rectangle 1","ix":1,"cix":2,"np":3,"it":[{"ty":"rc","bm":0,"hd":false,"mn":"ADBE Vector Shape - Rect","nm":"Rectangle Path 1","d":1,"p":{"a":0,"k":[0,0],"ix":3},"r":{"a":0,"k":0,"ix":4},"s":{"a":0,"k":[240,30],"ix":2}},{"ty":"gf","bm":0,"hd":false,"mn":"ADBE Vector Graphic - G-Fill","nm":"Gradient Fill 1","e":{"a":0,"k":[100.711,-11.546],"ix":6},"g":{"p":3,"k":{"a":0,"k":[0,0.34509803921568627,0.4,0.4,0.5,1,1,1,1,1,1,1,0,0.8,0.5,0.4,1,0],"ix":9}},"t":1,"a":{"a":0,"k":0},"h":{"a":0,"k":0},"s":{"a":0,"k":[100.982,35.322],"ix":5},"r":1,"o":{"a":0,"k":100,"ix":10}},{"ty":"tr","a":{"a":0,"k":[0,0],"ix":1},"s":{"a":0,"k":[100,170.989],"ix":3},"sk":{"a":0,"k":0,"ix":4},"p":{"a":0,"k":[3.936,-94.371],"ix":2},"r":{"a":0,"k":0,"ix":6},"sa":{"a":0,"k":0,"ix":5},"o":{"a":0,"k":100,"ix":7}}]}],"ind":4,"parent":2}],"v":"5.5.2","fr":30,"op":60,"ip":0,"assets":[]}